{"chest_ACC_x": 0.742265, "chest_ACC_y": 0.049355, "chest_ACC_z": 0.580019, "chest_ECG": -0.01455, "chest_Resp": -1.245832, "wrist_ACC_x": -0.46875, "wrist_ACC_y": 0.537109, "wrist_ACC_z": 0.615234, "wrist_BVP": 37.290625, "weight": 57.0, "gender": 1, "age": 25, "height": 168.0, "skin": 4, "sport": 5, "wrist_EDA": 4.830127, "wrist_TEMP": 31.61, "activity": 4.0}